{"cameraMode":{"drawMode":0,"name":"Shaded","section":"Shading Mode"},"sceneLighting":false,"audioPlay":false,"sceneViewState":{"m_AlwaysRefresh":false,"showFog":true,"showSkybox":false,"showFlares":true,"showImageEffects":true,"showParticleSystems":true,"showVisualEffectGraphs":true,"m_FxEnabled":true},"in2DMode":false,"pivot":{"x":-0.25926971435546877,"y":1.525587797164917,"z":-0.04703894257545471},"rotation":{"x":-0.09449072927236557,"y":-0.8867161273956299,"z":0.20855337381362916,"w":-0.40174707770347597},"size":1.184149980545044,"orthographic":true}