{"cameraMode":{"drawMode":0,"name":"Shaded","section":"Shading Mode"},"sceneLighting":false,"audioPlay":false,"sceneViewState":{"m_AlwaysRefresh":false,"showFog":true,"showSkybox":false,"showFlares":true,"showImageEffects":true,"showParticleSystems":true,"showVisualEffectGraphs":true,"m_FxEnabled":true},"in2DMode":false,"pivot":{"x":-1.324790358543396,"y":0.8500915765762329,"z":-1.5055842399597169},"rotation":{"x":0.016055531799793245,"y":-0.983036994934082,"z":0.10448338091373444,"w":0.15036709606647492},"size":1.6300886869430543,"orthographic":true}