{"cameraMode":{"drawMode":0,"name":"Shaded","section":"Shading Mode"},"sceneLighting":false,"audioPlay":false,"sceneViewState":{"m_AlwaysRefresh":false,"showFog":true,"showSkybox":false,"showFlares":true,"showImageEffects":true,"showParticleSystems":true,"showVisualEffectGraphs":true,"m_FxEnabled":true},"in2DMode":false,"pivot":{"x":-0.0595855712890625,"y":0.7690060138702393,"z":0.008205413818359375},"rotation":{"x":-0.02819650061428547,"y":-0.9705086946487427,"z":0.14161734282970429,"w":-0.1932172328233719},"size":1.492548942565918,"orthographic":false}