{"cameraMode":{"drawMode":0,"name":"Shaded","section":"Shading Mode"},"sceneLighting":false,"audioPlay":false,"sceneViewState":{"m_AlwaysRefresh":false,"showFog":true,"showSkybox":false,"showFlares":true,"showImageEffects":true,"showParticleSystems":true,"showVisualEffectGraphs":true,"m_FxEnabled":true},"in2DMode":false,"pivot":{"x":0.000007388471203739755,"y":0.9557488560676575,"z":0.8162750601768494},"rotation":{"x":0.168352872133255,"y":-0.7845801711082459,"z":0.24218544363975526,"w":0.5454224348068237},"size":2.5124714374542238,"orthographic":false}