{"cameraMode":{"drawMode":0,"name":"Shaded","section":"Shading Mode"},"sceneLighting":false,"audioPlay":false,"sceneViewState":{"m_AlwaysRefresh":false,"showFog":true,"showSkybox":false,"showFlares":true,"showImageEffects":true,"showParticleSystems":true,"showVisualEffectGraphs":true,"m_FxEnabled":true},"in2DMode":false,"pivot":{"x":-0.03585994243621826,"y":0.802751898765564,"z":-0.027503371238708497},"rotation":{"x":-0.02819650061428547,"y":-0.9705086946487427,"z":0.14161734282970429,"w":-0.1932172328233719},"size":1.4597889184951783,"orthographic":false}