{"cameraMode":{"drawMode":0,"name":"Shaded","section":"Shading Mode"},"sceneLighting":false,"audioPlay":false,"sceneViewState":{"m_AlwaysRefresh":false,"showFog":true,"showSkybox":false,"showFlares":true,"showImageEffects":true,"showParticleSystems":true,"showVisualEffectGraphs":true,"m_FxEnabled":true},"in2DMode":false,"pivot":{"x":0.2598876655101776,"y":1.218037486076355,"z":0.28691503405570986},"rotation":{"x":0.056392963975667956,"y":-0.9188728332519531,"z":0.14254505932331086,"w":0.3636016249656677},"size":1.4473788738250733,"orthographic":true}